<?xml version="1.0" encoding="utf-8"?>
<extension type="component" version="3.0" method="upgrade">
	<name>com_rsg2</name>
	<author>RSGallery2 Team</author>
	<creationDate>July 2014</creationDate>
	<copyright>(c) 2014 RSGallery2 Team</copyright>
	<license>This component is released under the GNU/GPL License</license>
	<authorEmail>team@rsgallery2.nl</authorEmail>
	<authorUrl>http://www.rsgallery2.nl</authorUrl>
	<version>1.0.2</version>
	<description>COM_RSG2_XML_DESCRIPTION</description>

	<scriptfile>install.rsg2.php</scriptfile>
	<install>
		<sql>
			<file driver="mysql" charset="utf8">sql/install.mysql.utf8.sql</file>
		</sql>
	</install>
	<uninstall>
		<sql>
			<file driver="mysql" charset="utf8">sql/uninstall.mysql.utf8.sql</file>
		</sql>
	</uninstall>
	<update> <!-- Runs on update; New in 2.5 -->
		<schemas>
			<schemapath type="mysql">sql/updates/mysql</schemapath>
		</schemas>
	</update> 
 
	<files folder="site">
		<filename>index.html</filename>
	</files>

	<administration>
		<menu view="com_rsg2" 
			img="components/com_rsg2/images/rsg2_menu.png">COM_RSG2_MENU</menu>
		<submenu>
			<!-- Note that all & must be escaped to &amp; for the file to be valid XML and be parsed by the installer -->
			<menu view="COM_RSG2_MENU_CONTROL_PANEL" 
				img="class:config"
				link="option=com_rsg2">COM_RSG2_MENU_CONTROL_PANEL</menu>
			<menu view="COM_RSG2_MENU_BATCH_UPLOAD" 
				link="option=com_rsg2&amp;view=uploadBatch">COM_RSG2_MENU_BATCH_UPLOAD</menu>
			<menu view="COM_RSG2_MENU_UPLOAD" 
				link="option=com_rsg2&amp;view=uploadSingle">COM_RSG2_MENU_UPLOAD</menu>
			<menu view="COM_RSG2_MENU_GALLERIES" 
				link="option=com_rsg2&amp;view=galleries">COM_RSG2_MENU_GALLERIES</menu>
			<menu view="COM_RSG2_MENU_ITEMS" 
				link="option=com_rsg2&amp;view=images">COM_RSG2_MENU_ITEMS</menu>
			<menu view="COM_RSG2_MENU_CONFIG" 
				link="option=com_rsg2&amp;view=config">COM_RSG2_MENU_CONFIG</menu>
			<menu view="COM_RSG2_SUMMARY_TREE_VIEW" 
				link="option=com_rsg2&amp;view=summarytreeview">COM_RSG2_SUMMARY_TREE_VIEW</menu>
		</submenu>
		
		<files folder="admin">
			<folder>classes</folder>
			<folder>controllers</folder>
			<folder>helpers</folder>
		    <folder>images</folder>
			<folder>language</folder>
			<folder>models</folder>
			<folder>sql</folder>
			<folder>tables</folder>
			<folder>views</folder>
			<filename>index.html</filename>
			<!--filename>access.xml</filename -->
			<!--filename>config.xml</filename -->
			<filename>controller.php</filename>
			<filename>rsg2.php</filename>
			<!--filename>init.rsgallery2.php</filename-->
		</files>

		<languages folder="admin">
			<language tag="da-DK">language/da-DK/da-DK.com_rsg2.sys.ini</language>
			<language tag="de-DE">language/de-DE/de-DE.com_rsg2.sys.ini</language>
			<language tag="el-GR">language/el-GR/el-GR.com_rsg2.sys.ini</language>
			<language tag="en-GB">language/en-GB/en-GB.com_rsg2.sys.ini</language>
			<language tag="es-ES">language/es-ES/es-ES.com_rsg2.sys.ini</language>
			<language tag="fa-IR">language/fa-IR/fa-IR.com_rsg2.sys.ini</language>
			<language tag="fi-FI">language/fi-FI/fi-FI.com_rsg2.sys.ini</language>
			<language tag="fr-FR">language/fr-FR/fr-FR.com_rsg2.sys.ini</language>
			<language tag="he-IL">language/he-IL/he-IL.com_rsg2.sys.ini</language>
			<language tag="hr-HR">language/hr-HR/hr-HR.com_rsg2.sys.ini</language>
			<language tag="hu-HU">language/hu-HU/hu-HU.com_rsg2.sys.ini</language>
			<language tag="it-IT">language/it-IT/it-IT.com_rsg2.sys.ini</language>
			<language tag="nb-NO">language/nb-NO/nb-NO.com_rsg2.sys.ini</language>
			<language tag="nl-NL">language/nl-NL/nl-NL.com_rsg2.sys.ini</language>
			<language tag="pt-BR">language/pt-BR/pt-BR.com_rsg2.sys.ini</language>
			<language tag="sl-SI">language/sl-SI/sl-SI.com_rsg2.sys.ini</language>
			<language tag="tr-TR">language/tr-TR/tr-TR.com_rsg2.sys.ini</language>
		</languages>

	</administration>


	<updateservers>
		 <!--updateservers>
			<server type="collection">http://example.com/list.xml</server>
			<server type="extension" priority="2" name="My Extension's Updates">http://example.com/extension.xml</server>
		 </updateservers -->		
		<server type="extension" priority="2" name="SGallery2 updates">http://127.0.0.1/JoomlaUpdateServer/RSG2_component_update.xml</server>
	</updateservers>  
</extension>
